DonorID,DonorName
1,Michail Larive
2,Sadye Rowlett
3,Fabien Tapenden
4,Gav Possa
5,Jessie Story
6,Rozamond Renahan
7,Traci Beamish
8,Cordie Frammingham
9,Ingaborg Milesap
10,Randy Readwin
11,Cynthie Witcombe
12,Belvia Priestland
13,Nevin Kepling
14,Helsa Robuchon
15,Clemens Breckenridge
16,Daloris Pietranek
17,Rockey Bortolussi
18,Rebecca Meadowcroft
19,Bernadette Dubois
20,Cassondra Zisneros
21,Berry Winterburn
22,Lexi McLeish
23,Otho MacComiskey
24,Natka Paling
25,Galina Devin
26,Dexter Lamberth
27,Fredra Endicott
28,Shurwood Densun
29,Dasi Digginson
30,Max Issacoff
31,Candy Hame
32,Eada Pammenter
33,Antoni Sutherel
34,Zackariah Abramow
35,Anastassia Kelle
36,Adam Lehrahan
37,Laird Martland
38,Jaquenetta Allix
39,Marilyn Piell
40,Francisca Bradford
41,Georas Cron
42,Jewel McGerr
43,Lurline Bramont
44,Egor Cowdroy
45,Kial Domaschke
46,Zoe O'Howbane
47,Davis Sexti
48,Gael Gager
49,Rivy Bevington
50,Marc Meadus
