RecipientID,RecipientName
1,Egan Knevit
2,Sile Strange
3,Georg Letford
4,Rosanna Degan
5,Lynnell Bason
6,Kass Chilton
7,Hakeem Scapens
8,Chan Greenrod
9,Simeon Inglese
10,Tatiania Dounbare
11,Clayton Frushard
12,Brice Kellart
13,Bette Hellwich
14,Eba Junifer
15,Hildegarde Hollyar
16,Flori Willock
17,Elita Chatt
18,Dorine Offill
19,Dougie Boothe
20,Henka Ordidge
21,Adora Kynett
22,Pascal Tebbit
23,Renie Sabater
24,Ara Kelberer
25,Tamma Axe
26,Lizbeth Hobden
27,Janeczka Rodenborch
28,Hayden Henker
29,Sal Chaddock
30,Ali Dresser
31,Merry Pinnigar
32,Ailene Jorat
33,Lorraine Pearn
34,Kaiser Dixey
35,Cy Willimot
36,Mikkel Synnott
37,Nikolos Pahlsson
38,Erna Lowseley
39,Jeannine Wynes
40,Thibaut Mallalieu
41,Heddie Richardeau
42,Estel Weavers
43,Maxy Sandcroft
44,Myles Leinweber
45,Odella Digg
46,Marty D'Errico
47,Jacobo O'Hearn
48,Ivette Lorente
49,Odelinda Febry
50,Shaine McGrey
