EventID,Location,Date,StartTime
1,159 Debs Point,4/24/2024,12:35 PM
2,276 David Circle,1/31/2025,4:20 PM
3,9 Sloan Street,1/3/2025,10:44 AM
4,704 International Trail,6/4/2024,10:45 AM
5,42429 Carberry Center,7/26/2024,9:41 AM
6,6 Fair Oaks Park,8/12/2024,9:42 AM
7,345 Butternut Parkway,12/20/2024,6:38 PM
8,0420 Columbus Circle,10/31/2024,2:17 PM
9,06 Stephen Street,2/8/2025,2:19 PM
10,7 Stang Road,1/14/2025,5:50 PM
11,33984 Laurel Plaza,10/27/2024,8:05 AM
12,25 Kropf Alley,6/21/2024,6:28 AM
13,717 Milwaukee Road,3/28/2024,5:11 PM
14,5191 Oxford Park,5/21/2024,9:03 AM
15,5 Atwood Center,10/13/2024,2:39 PM
16,81597 Steensland Trail,8/20/2024,4:08 PM
17,8 Dahle Junction,11/30/2024,10:04 AM
18,85895 Montana Junction,2/11/2025,10:15 AM
19,37 Golf Hill,11/21/2024,9:52 AM
20,18 Caliangt Terrace,6/8/2024,7:48 AM
21,9 Roth Circle,11/26/2024,8:53 AM
22,37 Norway Maple Hill,4/18/2024,5:00 PM
23,16480 Carey Hill,2/15/2025,4:16 PM
24,08 Waubesa Street,9/15/2024,12:03 PM
25,49653 Farwell Center,7/13/2024,1:27 PM
26,9090 Linden Crossing,3/20/2024,2:08 PM
27,796 Manley Alley,3/1/2025,3:05 PM
28,8 Hooker Place,11/3/2024,1:24 PM
29,9 Redwing Street,6/18/2024,2:40 PM
30,87 Golf View Way,7/25/2024,8:53 AM
31,20382 Cambridge Drive,10/19/2024,8:02 AM
32,62 Luster Parkway,11/10/2024,3:08 PM
33,0 Mitchell Plaza,10/29/2024,9:29 AM
34,347 Truax Circle,1/1/2025,11:27 AM
35,788 Hayes Terrace,7/27/2024,5:22 PM
36,82723 Mifflin Circle,2/7/2025,5:00 PM
37,5 Blue Bill Park Court,5/27/2024,3:55 PM
38,5052 Summit Terrace,6/5/2024,9:21 AM
39,9728 5th Court,9/8/2024,10:51 AM
40,57 Charing Cross Road,6/28/2024,12:28 PM
41,8882 Park Meadow Hill,10/28/2024,10:46 AM
42,480 North Avenue,7/20/2024,12:40 PM
43,12192 Menomonie Junction,10/16/2024,3:47 PM
44,634 Carioca Trail,8/12/2024,1:05 PM
45,3153 Schurz Plaza,9/25/2024,7:57 AM
46,5 2nd Place,11/19/2024,8:17 AM
47,0 Eggendart Place,9/23/2024,10:58 AM
48,8 Sutherland Plaza,7/8/2024,12:36 PM
49,85 Darwin Pass,10/24/2024,7:29 AM
50,306 Elgar Court,12/14/2024,1:16 PM
