VolunteerID,VolunteerFirstName,VolunteerLastName
1,Karlotte,Josselsohn
2,Joni,Elcock
3,Kiley,Le Quesne
4,Kamilah,Morratt
5,Lou,Kelly
6,Ramsey,Meechan
7,Ella,Klemensiewicz
8,Ingeborg,Filipic
9,Sabrina,Cowwell
10,Lissa,MacLoughlin
11,Ailey,Proudman
12,Kenn,Lamb-shine
13,Tandie,Kirwood
14,Francoise,de Clercq
15,Harriette,Withur
16,Antonio,Morsey
17,Moll,Shadfourth
18,Goldi,Mattosoff
19,Shannan,Pickover
20,Joelie,Renyard
21,Gianina,Janczyk
22,Ursuline,Lowbridge
23,Teriann,Krahl
24,Gina,Cammacke
25,Patsy,Buntain
26,Orion,Stonestreet
27,Lorinda,April
28,Olenka,Goane
29,Sebastian,Austwick
30,Zebadiah,Brookz
31,Alexei,Bines
32,Russ,Plumb
33,Geraldine,Nesbeth
34,Carine,Lycett
35,Scarlett,Cardo
36,Alena,Hollebon
37,Brod,Probet
38,Barbara-anne,Baythrop
39,Dillie,Ibotson
40,Hank,Wilby
41,Emlyn,Newlin
42,Corenda,Bernet
43,Tad,Pont
44,Tessie,Dwelley
45,Eulalie,Frowd
46,Brendin,Schroeder
47,Idell,Devers
48,Linoel,Olivas
49,Gayle,Gwyn
50,Corabel,Gatenby
